# TrinityCore - WowPacketParser
# File name: MawOfSoulsHeroic.pkt
# Detected build: V7_0_3_22566
# Detected locale: enUS
# Targeted database: Legion
# Parsing date: 03/17/2017 10:47:57
SET @CGUID = 2040000;
SET @OGUID = 2040000;
DELETE FROM `creature` WHERE `guid` BETWEEN @CGUID+0 AND @CGUID+205;
DELETE FROM `creature_addon` WHERE `guid` BETWEEN @CGUID+0 AND @CGUID+204;
DELETE FROM `waypoint_data` WHERE `id` BETWEEN ((@CGUID+0) * 10) AND ((@CGUID+204) * 10);
INSERT INTO `creature` (`guid`, `id`, `map`, `zoneId`, `areaId`, `spawnMask`, `PhaseId`, `PhaseGroup`, `modelid`, `equipment_id`, `position_x`, `position_y`, `position_z`, `orientation`, `spawntimesecs`, `spawndist`, `currentwaypoint`, `curhealth`, `curmana`, `MovementType`, `npcflag`, `unit_flags`, `dynamicflags`, `VerifiedBuild`) VALUES
(@CGUID+0, 96759, 1492, 7812, 7811, 8388870, 0, 0, 0, 0, 2933.499, 1055.943, 510.5183, 4.799655, 86400, 10, 0, 0, 0, 1, 0, 0, 0, 22566), -- 96759 (Area: 7811 - Difficulty: 2) (Auras: 194603 - 194603)
(@CGUID+1, 97043, 1492, 7812, 7812, 8388870, 0, 0, 0, 0, 7272.672, 7307.914, 30.79326, 4.214231, 86400, 10, 0, 0, 0, 1, 0, 0, 0, 22566), -- 97043 (Area: 7812 - Difficulty: 2) (Auras: )
(@CGUID+2, 97097, 1492, 7812, 7811, 8388870, 0, 0, 0, 0, 2906.97, 745.7726, 538.636, 4.463347, 86400, 10, 0, 0, 0, 1, 0, 0, 0, 22566), -- 97097 (Area: 7811 - Difficulty: 2) (Auras: 42459 - 42459)
(@CGUID+3, 97097, 1492, 7812, 7811, 8388870, 0, 0, 0, 0, 2918.532, 803.5972, 535.6491, 5.090273, 86400, 10, 0, 0, 0, 1, 0, 0, 0, 22566), -- 97097 (Area: 7811 - Difficulty: 2) (Auras: 42459 - 42459)
(@CGUID+4, 97097, 1492, 7812, 7811, 8388870, 0, 0, 0, 0, 2949.207, 798.0052, 535.4015, 5.090273, 86400, 10, 0, 0, 0, 1, 0, 0, 0, 22566), -- 97097 (Area: 7811 - Difficulty: 2) (Auras: 42459 - 42459)
(@CGUID+5, 97097, 1492, 7812, 7811, 8388870, 0, 0, 0, 0, 2957.076, 744.3143, 538.6071, 5.072854, 86400, 10, 0, 0, 0, 1, 0, 0, 0, 22566), -- 97097 (Area: 7811 - Difficulty: 2) (Auras: 42459 - 42459)
(@CGUID+6, 97099, 1492, 7812, 7811, 8388870, 0, 0, 0, 0, 2933.245, 960.4375, 512.4185, 1.570796, 86400, 0, 0, 0, 0, 0, 0, 0, 0, 22566), -- 97099 (Area: 7811 - Difficulty: 2) (Auras: 195167 - 195167)
(@CGUID+7, 97099, 1492, 7812, 7811, 8388870, 0, 0, 0, 0, 2933.387, 941.0712, 512.4183, 1.570796, 86400, 0, 0, 0, 0, 0, 0, 0, 0, 22566), -- 97099 (Area: 7811 - Difficulty: 2) (Auras: 195167 - 195167)
(@CGUID+8, 97099, 1492, 7812, 7811, 8388870, 0, 0, 0, 0, 2933.487, 921.0903, 512.4183, 1.570796, 86400, 0, 0, 0, 0, 0, 0, 0, 0, 22566), -- 97099 (Area: 7811 - Difficulty: 2) (Auras: 195167 - 195167)
(@CGUID+9, 97099, 1492, 7812, 7811, 8388870, 0, 0, 0, 0, 2939.475, 928.4323, 512.4183, 1.570796, 86400, 0, 0, 0, 0, 0, 0, 0, 0, 22566), -- 97099 (Area: 7811 - Difficulty: 2) (Auras: 195167 - 195167)
(@CGUID+10, 97099, 1492, 7812, 7811, 8388870, 0, 0, 0, 0, 2948.531, 921.4896, 512.4183, 1.570796, 86400, 0, 0, 0, 0, 0, 0, 0, 0, 22566), -- 97099 (Area: 7811 - Difficulty: 2) (Auras: 195167 - 195167)
(@CGUID+11, 97163, 1492, 7812, 7811, 8388870, 5204, 0, 0, 0, 2891.002, 695.5191, 132.2333, 1.172448, 86400, 0, 0, 0, 0, 0, 0, 0, 0, 22566), -- 97163 (Area: 7811 - Difficulty: 2) (Auras: 191835 - 191835)
(@CGUID+12, 97163, 1492, 7812, 7811, 8388870, 5204, 0, 0, 0, 2923.781, 724.2708, 558.2221, 2.31174, 86400, 10, 0, 0, 0, 1, 0, 0, 0, 22566), -- 97163 (Area: 7811 - Difficulty: 2) (Auras: 191835 - 191835)
(@CGUID+13, 97163, 1492, 7812, 7812, 8388870, 5204, 0, 0, 0, 7229.134, 7267.433, 46.96513, 1.432974, 86400, 0, 0, 0, 0, 0, 0, 0, 0, 22566), -- 97163 (Area: 7812 - Difficulty: 2) (Auras: 191889 - 191889)
(@CGUID+14, 97163, 1492, 7812, 7812, 8388870, 5204, 0, 0, 0, 7232.36, 7286.83, 22.35869, 0.3233142, 86400, 10, 0, 0, 0, 1, 0, 0, 0, 22566), -- 97163 (Area: 7812 - Difficulty: 2) (Auras: 196024 - 196024, 196025 - 196025)
(@CGUID+15, 97163, 1492, 7812, 7812, 8388870, 5204, 0, 0, 0, 7235.708, 7268.249, 23.21821, 4.723187, 86400, 10, 0, 0, 0, 1, 0, 0, 0, 22566), -- 97163 (Area: 7812 - Difficulty: 2) (Auras: 196024 - 196024, 196025 - 196025)
(@CGUID+16, 97163, 1492, 7812, 7812, 8388870, 5204, 0, 0, 0, 7236.272, 7291.563, 22.61807, 5.71005, 86400, 10, 0, 0, 0, 1, 0, 0, 0, 22566), -- 97163 (Area: 7812 - Difficulty: 2) (Auras: 196024 - 196024, 196025 - 196025)
(@CGUID+17, 97163, 1492, 7812, 7812, 8388870, 5204, 0, 0, 0, 7243.037, 7291.414, 22.59918, 4.315314, 86400, 10, 0, 0, 0, 1, 0, 0, 0, 22566), -- 97163 (Area: 7812 - Difficulty: 2) (Auras: 196024 - 196024, 196025 - 196025)
(@CGUID+18, 97163, 1492, 7812, 7812, 8388870, 5204, 0, 0, 0, 7247.713, 7290.722, 26.01199, 3.969555, 86400, 10, 0, 0, 0, 1, 0, 0, 0, 22566), -- 97163 (Area: 7812 - Difficulty: 2) (Auras: 196024 - 196024, 196025 - 196025)
(@CGUID+19, 97163, 1492, 7812, 7812, 8388870, 5204, 0, 0, 0, 7261.846, 7275.809, 30.06504, 4.145046, 86400, 10, 0, 0, 0, 1, 0, 0, 0, 22566), -- 97163 (Area: 7812 - Difficulty: 2) (Auras: 196024 - 196024, 196025 - 196025)
(@CGUID+20, 98761, 1492, 7812, 7811, 8388870, 0, 0, 0, 0, 2921.578, 689.4394, 553.6338, 3.508136, 86400, 10, 0, 0, 0, 1, 0, 0, 0, 22566), -- 98761 (Area: 7811 - Difficulty: 2) (Auras: )
(@CGUID+21, 98761, 1492, 7812, 7811, 8388870, 0, 0, 0, 0, 2922.123, 690.1124, 553.6338, 1.413896, 86400, 0, 0, 0, 0, 2, 0, 0, 0, 22566), -- 98761 (Area: 7811 - Difficulty: 2) (Auras: )
(@CGUID+22, 98761, 1492, 7812, 7811, 8388870, 0, 0, 0, 0, 2922.434, 689.304, 553.6338, 5.602669, 86400, 0, 0, 0, 0, 2, 0, 0, 0, 22566), -- 98761 (Area: 7811 - Difficulty: 2) (Auras: )
(@CGUID+23, 98761, 1492, 7812, 7811, 8388870, 0, 0, 0, 0, 2923.665, 681.9178, 553.6337, 3.665099, 86400, 10, 0, 0, 0, 1, 0, 0, 0, 22566), -- 98761 (Area: 7811 - Difficulty: 2) (Auras: )
(@CGUID+24, 98761, 1492, 7812, 7811, 8388870, 0, 0, 0, 0, 2924.098, 682.6678, 553.6337, 1.570796, 86400, 10, 0, 0, 0, 1, 0, 0, 0, 22566), -- 98761 (Area: 7811 - Difficulty: 2) (Auras: )
(@CGUID+25, 98761, 1492, 7812, 7811, 8388870, 0, 0, 0, 0, 2924.531, 681.9178, 553.6337, 5.759679, 86400, 10, 0, 0, 0, 1, 0, 0, 0, 22566), -- 98761 (Area: 7811 - Difficulty: 2) (Auras: )
(@CGUID+26, 98761, 1492, 7812, 7811, 8388870, 0, 0, 0, 0, 2937.03, 701.6904, 553.9131, 4.258513, 86400, 10, 0, 0, 0, 1, 0, 0, 0, 22566), -- 98761 (Area: 7811 - Difficulty: 2) (Auras: )
(@CGUID+27, 98761, 1492, 7812, 7811, 8388870, 0, 0, 0, 0, 2937.469, 702.5892, 553.9131, 1.11692, 86400, 10, 0, 0, 0, 1, 0, 0, 0, 22566), -- 98761 (Area: 7811 - Difficulty: 2) (Auras: )
(@CGUID+28, 99307, 1492, 7812, 7811, 8388870, 0, 0, 0, 0, 2933.65, 874.5573, 537.3766, 4.651583, 86400, 0, 0, 0, 0, 2, 0, 0, 0, 22566), -- 99307 (Area: 7811 - Difficulty: 2) (Auras: 195517 - 195517)
(@CGUID+29, 99800, 1492, 7812, 7811, 8388870, 0, 0, 0, 0, 2942.16, 967.024, 513.7823, 4.080632, 86400, 0, 0, 0, 0, 0, 0, 0, 0, 22566), -- 99800 (Area: 7811 - Difficulty: 2) (Auras: )
(@CGUID+30, 99800, 1492, 7812, 7811, 8388870, 0, 0, 0, 0, 2942.16, 967.024, 513.7823, 4.080632, 86400, 0, 0, 0, 0, 0, 0, 0, 0, 22566), -- 99800 (Area: 7811 - Difficulty: 2) (Auras: )
(@CGUID+31, 99800, 1492, 7812, 7811, 8388870, 0, 0, 0, 0, 2949.951, 951.9184, 513.7823, 3.647738, 86400, 0, 0, 0, 0, 0, 0, 0, 0, 22566), -- 99800 (Area: 7811 - Difficulty: 2) (Auras: )
(@CGUID+32, 99803, 1492, 7812, 7811, 8388870, 0, 0, 0, 0, 2933.282, 960.3768, 512.4185, 4.712389, 86400, 0, 0, 0, 0, 0, 0, 0, 0, 22566), -- 99803 (Area: 7811 - Difficulty: 2) (Auras: 194414 - 194414)
(@CGUID+33, 99803, 1492, 7812, 7811, 8388870, 0, 0, 0, 0, 2933.36, 920.9809, 512.4183, 4.712389, 86400, 0, 0, 0, 0, 0, 0, 0, 0, 22566), -- 99803 (Area: 7811 - Difficulty: 2) (Auras: 194414 - 194414)
(@CGUID+34, 99803, 1492, 7812, 7811, 8388870, 0, 0, 0, 0, 2939.53, 928.469, 512.4183, 4.712389, 86400, 0, 0, 0, 0, 0, 0, 0, 0, 22566), -- 99803 (Area: 7811 - Difficulty: 2) (Auras: 194414 - 194414)
(@CGUID+35, 100188, 1492, 7812, 7811, 8388870, 0, 0, 0, 0, 2933.282, 960.3768, 512.4185, 4.537856, 86400, 0, 0, 0, 0, 0, 0, 0, 0, 22566), -- 100188 (Area: 7811 - Difficulty: 2) (Auras: 194414 - 194414)
(@CGUID+36, 100188, 1492, 7812, 7811, 8388870, 0, 0, 0, 0, 2933.282, 960.3768, 512.4185, 4.206244, 86400, 0, 0, 0, 0, 0, 0, 0, 0, 22566), -- 100188 (Area: 7811 - Difficulty: 2) (Auras: 194414 - 194414)
(@CGUID+37, 100188, 1492, 7812, 7811, 8388870, 0, 0, 0, 0, 2933.36, 920.9809, 512.4183, 4.974188, 86400, 0, 0, 0, 0, 0, 0, 0, 0, 22566), -- 100188 (Area: 7811 - Difficulty: 2) (Auras: 194414 - 194414)
(@CGUID+38, 100188, 1492, 7812, 7811, 8388870, 0, 0, 0, 0, 2933.36, 920.9809, 512.4183, 2.75762, 86400, 0, 0, 0, 0, 0, 0, 0, 0, 22566), -- 100188 (Area: 7811 - Difficulty: 2) (Auras: 194414 - 194414)
(@CGUID+39, 100188, 1492, 7812, 7811, 8388870, 0, 0, 0, 0, 2933.36, 920.9809, 512.4183, 0, 86400, 0, 0, 0, 0, 0, 0, 0, 0, 22566), -- 100188 (Area: 7811 - Difficulty: 2) (Auras: 194414 - 194414)
(@CGUID+40, 100188, 1492, 7812, 7811, 8388870, 0, 0, 0, 0, 2933.4, 941.155, 512.4183, 4.729842, 86400, 0, 0, 0, 0, 0, 0, 0, 0, 22566), -- 100188 (Area: 7811 - Difficulty: 2) (Auras: 194414 - 194414)
(@CGUID+41, 100188, 1492, 7812, 7811, 8388870, 0, 0, 0, 0, 2933.4, 941.155, 512.4183, 4.520403, 86400, 0, 0, 0, 0, 0, 0, 0, 0, 22566), -- 100188 (Area: 7811 - Difficulty: 2) (Auras: 194414 - 194414)
(@CGUID+42, 100188, 1492, 7812, 7811, 8388870, 0, 0, 0, 0, 2939.53, 928.469, 512.4183, 4.08407, 86400, 0, 0, 0, 0, 0, 0, 0, 0, 22566), -- 100188 (Area: 7811 - Difficulty: 2) (Auras: 194414 - 194414)
(@CGUID+43, 100188, 1492, 7812, 7811, 8388870, 0, 0, 0, 0, 2939.53, 928.469, 512.4183, 1.361357, 86400, 0, 0, 0, 0, 0, 0, 0, 0, 22566), -- 100188 (Area: 7811 - Difficulty: 2) (Auras: 194414 - 194414)
(@CGUID+44, 100188, 1492, 7812, 7811, 8388870, 0, 0, 0, 0, 2939.53, 928.469, 512.4183, 4.520403, 86400, 0, 0, 0, 0, 0, 0, 0, 0, 22566), -- 100188 (Area: 7811 - Difficulty: 2) (Auras: 194414 - 194414)
(@CGUID+45, 100188, 1492, 7812, 7811, 8388870, 0, 0, 0, 0, 2948.52, 921.457, 512.4183, 3.490659, 86400, 0, 0, 0, 0, 0, 0, 0, 0, 22566), -- 100188 (Area: 7811 - Difficulty: 2) (Auras: 194414 - 194414)
(@CGUID+46, 100359, 1492, 7812, 7811, 8388870, 0, 0, 0, 0, 2917.731, 952.7118, 513.3224, 6.230825, 86400, 0, 0, 0, 0, 0, 0, 0, 0, 22566), -- 100359 (Area: 7811 - Difficulty: 2) (Auras: )
(@CGUID+47, 100361, 1492, 7812, 7811, 8388870, 0, 0, 0, 0, 2919.81, 959.984, 513.2063, 5.852089, 86400, 0, 0, 0, 0, 0, 0, 0, 0, 22566), -- 100361 (Area: 7811 - Difficulty: 2) (Auras: )
(@CGUID+48, 100733, 1492, 7812, 7811, 8388870, 0, 0, 0, 0, 2917.583, 861.0218, 538.8116, 3.515013, 86400, 0, 0, 0, 0, 0, 0, 0, 0, 22566), -- 100733 (Area: 7811 - Difficulty: 2) (Auras: 198270 - 198270)
(@CGUID+49, 100733, 1492, 7812, 7811, 8388870, 0, 0, 0, 0, 2919.092, 861.6128, 538.3752, 3.515013, 86400, 0, 0, 0, 0, 0, 0, 0, 0, 22566), -- 100733 (Area: 7811 - Difficulty: 2) (Auras: 198270 - 198270)
(@CGUID+50, 100733, 1492, 7812, 7811, 8388870, 0, 0, 0, 0, 2920.6, 862.2039, 537.9387, 3.515013, 86400, 0, 0, 0, 0, 0, 0, 0, 0, 22566), -- 100733 (Area: 7811 - Difficulty: 2) (Auras: 198270 - 198270)
(@CGUID+51, 100733, 1492, 7812, 7811, 8388870, 0, 0, 0, 0, 2921.931, 854.8718, 539.0328, 4.008962, 86400, 0, 0, 0, 0, 0, 0, 0, 0, 22566), -- 100733 (Area: 7811 - Difficulty: 2) (Auras: 198270 - 198270)
(@CGUID+52, 100733, 1492, 7812, 7811, 8388870, 0, 0, 0, 0, 2922.109, 862.7949, 537.8742, 3.515013, 86400, 0, 0, 0, 0, 0, 0, 0, 0, 22566), -- 100733 (Area: 7811 - Difficulty: 2) (Auras: 198270 - 198270)
(@CGUID+53, 100733, 1492, 7812, 7811, 8388870, 0, 0, 0, 0, 2923.002, 856.1352, 538.6398, 4.008962, 86400, 0, 0, 0, 0, 0, 0, 0, 0, 22566), -- 100733 (Area: 7811 - Difficulty: 2) (Auras: 198270 - 198270)
(@CGUID+54, 100733, 1492, 7812, 7811, 8388870, 0, 0, 0, 0, 2923.617, 863.3859, 538.4089, 3.515013, 86400, 0, 0, 0, 0, 0, 0, 0, 0, 22566), -- 100733 (Area: 7811 - Difficulty: 2) (Auras: 198270 - 198270)
(@CGUID+55, 100733, 1492, 7812, 7811, 8388870, 0, 0, 0, 0, 2924.074, 857.3985, 538.0614, 4.008962, 86400, 0, 0, 0, 0, 0, 0, 0, 0, 22566), -- 100733 (Area: 7811 - Difficulty: 2) (Auras: 198270 - 198270)
(@CGUID+56, 100733, 1492, 7812, 7811, 8388870, 0, 0, 0, 0, 2925.126, 863.977, 537.8973, 3.515013, 86400, 0, 0, 0, 0, 0, 0, 0, 0, 22566), -- 100733 (Area: 7811 - Difficulty: 2) (Auras: 198270 - 198270)
(@CGUID+57, 100733, 1492, 7812, 7811, 8388870, 0, 0, 0, 0, 2925.145, 858.6619, 538.1342, 4.008962, 86400, 0, 0, 0, 0, 0, 0, 0, 0, 22566), -- 100733 (Area: 7811 - Difficulty: 2) (Auras: 198270 - 198270)
(@CGUID+58, 100733, 1492, 7812, 7811, 8388870, 0, 0, 0, 0, 2926.217, 859.9252, 537.6865, 4.008962, 86400, 0, 0, 0, 0, 0, 0, 0, 0, 22566), -- 100733 (Area: 7811 - Difficulty: 2) (Auras: 198270 - 198270)
(@CGUID+59, 100733, 1492, 7812, 7811, 8388870, 0, 0, 0, 0, 2926.634, 864.5681, 537.2337, 3.515013, 86400, 0, 0, 0, 0, 0, 0, 0, 0, 22566), -- 100733 (Area: 7811 - Difficulty: 2) (Auras: 198270 - 198270)
(@CGUID+60, 100733, 1492, 7812, 7811, 8388870, 0, 0, 0, 0, 2927.288, 861.1886, 538.6887, 4.008962, 86400, 0, 0, 0, 0, 0, 0, 0, 0, 22566), -- 100733 (Area: 7811 - Difficulty: 2) (Auras: 198270 - 198270)
(@CGUID+61, 100733, 1492, 7812, 7811, 8388870, 0, 0, 0, 0, 2928.143, 865.1591, 537.2337, 3.515013, 86400, 0, 0, 0, 0, 0, 0, 0, 0, 22566), -- 100733 (Area: 7811 - Difficulty: 2) (Auras: 198270 - 198270)
(@CGUID+62, 100733, 1492, 7812, 7811, 8388870, 0, 0, 0, 0, 2928.36, 862.452, 537.2337, 4.008962, 86400, 0, 0, 0, 0, 0, 0, 0, 0, 22566), -- 100733 (Area: 7811 - Difficulty: 2) (Auras: 198270 - 198270)
(@CGUID+63, 100733, 1492, 7812, 7811, 8388870, 0, 0, 0, 0, 2929.431, 863.7153, 537.2337, 4.008962, 86400, 0, 0, 0, 0, 0, 0, 0, 0, 22566), -- 100733 (Area: 7811 - Difficulty: 2) (Auras: 198270 - 198270)
(@CGUID+64, 100733, 1492, 7812, 7811, 8388870, 0, 0, 0, 0, 2929.651, 865.7501, 537.2337, 3.515013, 86400, 0, 0, 0, 0, 0, 0, 0, 0, 22566), -- 100733 (Area: 7811 - Difficulty: 2) (Auras: 198270 - 198270)
(@CGUID+65, 100733, 1492, 7812, 7811, 8388870, 0, 0, 0, 0, 2930.503, 864.9786, 537.2337, 4.008962, 86400, 0, 0, 0, 0, 0, 0, 0, 0, 22566), -- 100733 (Area: 7811 - Difficulty: 2) (Auras: 198270 - 198270)
(@CGUID+66, 100733, 1492, 7812, 7811, 8388870, 0, 0, 0, 0, 2931.16, 866.3412, 537.4258, 3.515013, 86400, 0, 0, 0, 0, 0, 0, 0, 0, 22566), -- 100733 (Area: 7811 - Difficulty: 2) (Auras: 198270 - 198270)
(@CGUID+67, 100733, 1492, 7812, 7811, 8388870, 0, 0, 0, 0, 2931.574, 866.242, 537.3517, 4.008962, 86400, 0, 0, 0, 0, 0, 0, 0, 0, 22566), -- 100733 (Area: 7811 - Difficulty: 2) (Auras: 198270 - 198270)
(@CGUID+68, 100733, 1492, 7812, 7811, 8388870, 0, 0, 0, 0, 2932.646, 867.5054, 537.7495, 4.008962, 86400, 0, 0, 0, 0, 0, 0, 0, 0, 22566), -- 100733 (Area: 7811 - Difficulty: 2) (Auras: 198270 - 198270)
(@CGUID+69, 100733, 1492, 7812, 7811, 8388870, 0, 0, 0, 0, 2932.668, 866.9322, 537.633, 3.515013, 86400, 0, 0, 0, 0, 0, 0, 0, 0, 22566), -- 100733 (Area: 7811 - Difficulty: 2) (Auras: 198270 - 198270)
(@CGUID+70, 100733, 1492, 7812, 7811, 8388870, 0, 0, 0, 0, 2933.351, 875.9371, 537.2921, 1.633707, 86400, 0, 0, 0, 0, 0, 0, 0, 0, 22566), -- 100733 (Area: 7811 - Difficulty: 2) (Auras: 198270 - 198270)
(@CGUID+71, 100733, 1492, 7812, 7811, 8388870, 0, 0, 0, 0, 2933.45, 874.3578, 537.28, 1.633707, 86400, 0, 0, 0, 0, 0, 0, 0, 0, 22566), -- 100733 (Area: 7811 - Difficulty: 2) (Auras: 198270 - 198270)
(@CGUID+72, 100733, 1492, 7812, 7811, 8388870, 0, 0, 0, 0, 2933.55, 872.7784, 537.268, 1.633707, 86400, 0, 0, 0, 0, 0, 0, 0, 0, 22566), -- 100733 (Area: 7811 - Difficulty: 2) (Auras: 198270 - 198270)
(@CGUID+73, 100733, 1492, 7812, 7811, 8388870, 0, 0, 0, 0, 2933.649, 871.1992, 537.256, 1.633707, 86400, 0, 0, 0, 0, 0, 0, 0, 0, 22566), -- 100733 (Area: 7811 - Difficulty: 2) (Auras: 198270 - 198270)
(@CGUID+74, 100733, 1492, 7812, 7811, 8388870, 0, 0, 0, 0, 2933.718, 868.7687, 537.6234, 4.008962, 86400, 0, 0, 0, 0, 0, 0, 0, 0, 22566), -- 100733 (Area: 7811 - Difficulty: 2) (Auras: 198270 - 198270)
(@CGUID+75, 100733, 1492, 7812, 7811, 8388870, 0, 0, 0, 0, 2933.749, 869.6199, 537.244, 1.633707, 86400, 0, 0, 0, 0, 0, 0, 0, 0, 22566), -- 100733 (Area: 7811 - Difficulty: 2) (Auras: 198270 - 198270)
(@CGUID+76, 100733, 1492, 7812, 7811, 8388870, 0, 0, 0, 0, 2934.78, 876.6071, 537.2811, 6.015546, 86400, 0, 0, 0, 0, 0, 0, 0, 0, 22566), -- 100733 (Area: 7811 - Difficulty: 2) (Auras: 198270 - 198270)
(@CGUID+77, 100733, 1492, 7812, 7811, 8388870, 0, 0, 0, 0, 2934.789, 870.0321, 537.2355, 4.008962, 86400, 0, 0, 0, 0, 0, 0, 0, 0, 22566), -- 100733 (Area: 7811 - Difficulty: 2) (Auras: 198270 - 198270)
(@CGUID+78, 100733, 1492, 7812, 7811, 8388870, 0, 0, 0, 0, 2935.861, 871.2954, 537.2325, 4.008962, 86400, 0, 0, 0, 0, 0, 0, 0, 0, 22566), -- 100733 (Area: 7811 - Difficulty: 2) (Auras: 198270 - 198270)
(@CGUID+79, 100733, 1492, 7812, 7811, 8388870, 0, 0, 0, 0, 2936.273, 876.1976, 537.262, 6.015546, 86400, 0, 0, 0, 0, 0, 0, 0, 0, 22566), -- 100733 (Area: 7811 - Difficulty: 2) (Auras: 198270 - 198270)
(@CGUID+80, 100733, 1492, 7812, 7811, 8388870, 0, 0, 0, 0, 2936.932, 872.5588, 537.2296, 4.008962, 86400, 0, 0, 0, 0, 0, 0, 0, 0, 22566), -- 100733 (Area: 7811 - Difficulty: 2) (Auras: 198270 - 198270)
(@CGUID+81, 100733, 1492, 7812, 7811, 8388870, 0, 0, 0, 0, 2937.767, 875.788, 537.2429, 6.015546, 86400, 0, 0, 0, 0, 0, 0, 0, 0, 22566), -- 100733 (Area: 7811 - Difficulty: 2) (Auras: 198270 - 198270)
(@CGUID+82, 100733, 1492, 7812, 7811, 8388870, 0, 0, 0, 0, 2939.26, 875.3784, 537.2237, 6.015546, 86400, 0, 0, 0, 0, 0, 0, 0, 0, 22566), -- 100733 (Area: 7811 - Difficulty: 2) (Auras: 198270 - 198270)
(@CGUID+83, 100733, 1492, 7812, 7811, 8388870, 0, 0, 0, 0, 2940.754, 874.9688, 537.8177, 6.015546, 86400, 0, 0, 0, 0, 0, 0, 0, 0, 22566), -- 100733 (Area: 7811 - Difficulty: 2) (Auras: 198270 - 198270)
(@CGUID+84, 100839, 1492, 7812, 7811, 8388870, 0, 0, 0, 0, 2897.031, 717.1877, 501.6337, 2.787697, 86400, 10, 0, 0, 0, 1, 0, 0, 0, 22566), -- 100839 (Area: 7811 - Difficulty: 2) (Auras: )
(@CGUID+85, 100839, 1492, 7812, 7811, 8388870, 0, 0, 0, 0, 2905.012, 731.3032, 539.0504, 2.005075, 86400, 10, 0, 0, 0, 1, 0, 0, 0, 22566), -- 100839 (Area: 7811 - Difficulty: 2) (Auras: )
(@CGUID+86, 100839, 1492, 7812, 7811, 8388870, 0, 0, 0, 0, 2906.125, 726.5198, 539.8246, 2.005075, 86400, 10, 0, 0, 0, 1, 0, 0, 0, 22566), -- 100839 (Area: 7811 - Difficulty: 2) (Auras: )
(@CGUID+87, 100839, 1492, 7812, 7811, 8388870, 0, 0, 0, 0, 2907.972, 714.5552, 548.2655, 2.787697, 86400, 10, 0, 0, 0, 1, 0, 0, 0, 22566), -- 100839 (Area: 7811 - Difficulty: 2) (Auras: )
(@CGUID+88, 100839, 1492, 7812, 7811, 8388870, 0, 0, 0, 0, 2908.236, 721.8362, 541.6396, 2.005075, 86400, 10, 0, 0, 0, 1, 0, 0, 0, 22566), -- 100839 (Area: 7811 - Difficulty: 2) (Auras: )
(@CGUID+89, 100839, 1492, 7812, 7811, 8388870, 0, 0, 0, 0, 2910.541, 717.721, 543.5984, 2.005075, 86400, 10, 0, 0, 0, 1, 0, 0, 0, 22566), -- 100839 (Area: 7811 - Difficulty: 2) (Auras: )
(@CGUID+90, 100839, 1492, 7812, 7811, 8388870, 0, 0, 0, 0, 2912.038, 711.7805, 549.2052, 2.787697, 86400, 10, 0, 0, 0, 1, 0, 0, 0, 22566), -- 100839 (Area: 7811 - Difficulty: 2) (Auras: )
(@CGUID+91, 100839, 1492, 7812, 7811, 8388870, 0, 0, 0, 0, 2912.876, 699.1961, 553.9476, 0.1281006, 86400, 10, 0, 0, 0, 1, 0, 0, 0, 22566), -- 100839 (Area: 7811 - Difficulty: 2) (Auras: )
(@CGUID+92, 100839, 1492, 7812, 7811, 8388870, 0, 0, 0, 0, 2913.895, 713.466, 545.952, 2.005075, 86400, 10, 0, 0, 0, 1, 0, 0, 0, 22566), -- 100839 (Area: 7811 - Difficulty: 2) (Auras: )
(@CGUID+93, 100839, 1492, 7812, 7811, 8388870, 0, 0, 0, 0, 2916.523, 709.1746, 548.5054, 2.005075, 86400, 10, 0, 0, 0, 1, 0, 0, 0, 22566), -- 100839 (Area: 7811 - Difficulty: 2) (Auras: )
(@CGUID+94, 100839, 1492, 7812, 7811, 8388870, 0, 0, 0, 0, 2917.528, 703.558, 551.3483, 2.005075, 86400, 10, 0, 0, 0, 1, 0, 0, 0, 22566), -- 100839 (Area: 7811 - Difficulty: 2) (Auras: )
(@CGUID+95, 100839, 1492, 7812, 7811, 8388870, 0, 0, 0, 0, 2917.557, 709.9614, 550.4409, 2.787697, 86400, 10, 0, 0, 0, 1, 0, 0, 0, 22566), -- 100839 (Area: 7811 - Difficulty: 2) (Auras: )
(@CGUID+96, 100839, 1492, 7812, 7811, 8388870, 0, 0, 0, 0, 2918.454, 705.665, 553.6337, 5.078956, 86400, 10, 0, 0, 0, 1, 0, 0, 0, 22566), -- 100839 (Area: 7811 - Difficulty: 2) (Auras: )
(@CGUID+97, 100839, 1492, 7812, 7811, 8388870, 0, 0, 0, 0, 2918.638, 697.249, 554.1985, 0.2208681, 86400, 10, 0, 0, 0, 1, 0, 0, 0, 22566), -- 100839 (Area: 7811 - Difficulty: 2) (Auras: )
(@CGUID+98, 100839, 1492, 7812, 7811, 8388870, 0, 0, 0, 0, 2919.086, 699.3759, 554.2336, 0.1281006, 86400, 10, 0, 0, 0, 1, 0, 0, 0, 22566), -- 100839 (Area: 7811 - Difficulty: 2) (Auras: )
(@CGUID+99, 100839, 1492, 7812, 7811, 8388870, 0, 0, 0, 0, 2919.872, 680.2822, 553.6337, 0.6750459, 86400, 10, 0, 0, 0, 1, 0, 0, 0, 22566), -- 100839 (Area: 7811 - Difficulty: 2) (Auras: )
(@CGUID+100, 100839, 1492, 7812, 7811, 8388870, 0, 0, 0, 0, 2920.049, 677.0397, 554.6103, 4.16955, 86400, 10, 0, 0, 0, 1, 0, 0, 0, 22566), -- 100839 (Area: 7811 - Difficulty: 2) (Auras: )
(@CGUID+101, 100839, 1492, 7812, 7811, 8388870, 0, 0, 0, 0, 2920.069, 698.3674, 528.1191, 2.005075, 86400, 10, 0, 0, 0, 1, 0, 0, 0, 22566), -- 100839 (Area: 7811 - Difficulty: 2) (Auras: )
(@CGUID+102, 100839, 1492, 7812, 7811, 8388870, 0, 0, 0, 0, 2921.253, 701.6341, 553.8206, 5.078956, 86400, 10, 0, 0, 0, 1, 0, 0, 0, 22566), -- 100839 (Area: 7811 - Difficulty: 2) (Auras: )
(@CGUID+103, 100839, 1492, 7812, 7811, 8388870, 0, 0, 0, 0, 2921.355, 708.2559, 551.0581, 2.787697, 86400, 10, 0, 0, 0, 1, 0, 0, 0, 22566), -- 100839 (Area: 7811 - Difficulty: 2) (Auras: )
(@CGUID+104, 100839, 1492, 7812, 7811, 8388870, 0, 0, 0, 0, 2922.449, 680.4, 553.6337, 4.16955, 86400, 10, 0, 0, 0, 1, 0, 0, 0, 22566), -- 100839 (Area: 7811 - Difficulty: 2) (Auras: )
(@CGUID+105, 100839, 1492, 7812, 7811, 8388870, 0, 0, 0, 0, 2922.954, 694.9409, 553.8022, 2.005075, 86400, 10, 0, 0, 0, 1, 0, 0, 0, 22566), -- 100839 (Area: 7811 - Difficulty: 2) (Auras: )
(@CGUID+106, 100839, 1492, 7812, 7811, 8388870, 0, 0, 0, 0, 2922.974, 697.4177, 554.2198, 0.2208681, 86400, 10, 0, 0, 0, 1, 0, 0, 0, 22566), -- 100839 (Area: 7811 - Difficulty: 2) (Auras: )
(@CGUID+107, 100839, 1492, 7812, 7811, 8388870, 0, 0, 0, 0, 2923.834, 700.7617, 554.0616, 0.1281006, 86400, 10, 0, 0, 0, 1, 0, 0, 0, 22566), -- 100839 (Area: 7811 - Difficulty: 2) (Auras: )
(@CGUID+108, 100839, 1492, 7812, 7811, 8388870, 0, 0, 0, 0, 2924.176, 695.5671, 554.0336, 5.078956, 86400, 10, 0, 0, 0, 1, 0, 0, 0, 22566), -- 100839 (Area: 7811 - Difficulty: 2) (Auras: )
(@CGUID+109, 100839, 1492, 7812, 7811, 8388870, 0, 0, 0, 0, 2924.217, 683.5416, 553.6337, 0.6750459, 86400, 10, 0, 0, 0, 1, 0, 0, 0, 22566), -- 100839 (Area: 7811 - Difficulty: 2) (Auras: )
(@CGUID+110, 100839, 1492, 7812, 7811, 8388870, 0, 0, 0, 0, 2924.318, 690.477, 554.0336, 2.005075, 86400, 10, 0, 0, 0, 1, 0, 0, 0, 22566), -- 100839 (Area: 7811 - Difficulty: 2) (Auras: )
(@CGUID+111, 100839, 1492, 7812, 7811, 8388870, 0, 0, 0, 0, 2924.873, 691.3938, 554.0336, 5.078956, 86400, 10, 0, 0, 0, 1, 0, 0, 0, 22566), -- 100839 (Area: 7811 - Difficulty: 2) (Auras: )
(@CGUID+112, 100839, 1492, 7812, 7811, 8388870, 0, 0, 0, 0, 2924.965, 685.4005, 553.6337, 4.16955, 86400, 10, 0, 0, 0, 1, 0, 0, 0, 22566), -- 100839 (Area: 7811 - Difficulty: 2) (Auras: )
(@CGUID+113, 100839, 1492, 7812, 7811, 8388870, 0, 0, 0, 0, 2926.146, 687.3815, 554.0143, 5.078956, 86400, 10, 0, 0, 0, 1, 0, 0, 0, 22566), -- 100839 (Area: 7811 - Difficulty: 2) (Auras: )
(@CGUID+114, 100839, 1492, 7812, 7811, 8388870, 0, 0, 0, 0, 2926.313, 690.7338, 553.8596, 5.0439, 86400, 10, 0, 0, 0, 1, 0, 0, 0, 22566), -- 100839 (Area: 7811 - Difficulty: 2) (Auras: )
(@CGUID+115, 100839, 1492, 7812, 7811, 8388870, 0, 0, 0, 0, 2927.254, 688.8837, 553.9556, 4.16955, 86400, 10, 0, 0, 0, 1, 0, 0, 0, 22566), -- 100839 (Area: 7811 - Difficulty: 2) (Auras: )
(@CGUID+116, 100839, 1492, 7812, 7811, 8388870, 0, 0, 0, 0, 2927.42, 706.5345, 529.6824, 2.787697, 86400, 10, 0, 0, 0, 1, 0, 0, 0, 22566), -- 100839 (Area: 7811 - Difficulty: 2) (Auras: )
(@CGUID+117, 100839, 1492, 7812, 7811, 8388870, 0, 0, 0, 0, 2927.459, 684.8693, 553.6337, 5.0439, 86400, 10, 0, 0, 0, 1, 0, 0, 0, 22566), -- 100839 (Area: 7811 - Difficulty: 2) (Auras: )
(@CGUID+118, 100839, 1492, 7812, 7811, 8388870, 0, 0, 0, 0, 2928.07, 687.6301, 553.7029, 0.6750459, 86400, 10, 0, 0, 0, 1, 0, 0, 0, 22566), -- 100839 (Area: 7811 - Difficulty: 2) (Auras: )
(@CGUID+119, 100839, 1492, 7812, 7811, 8388870, 0, 0, 0, 0, 2928.878, 699.5392, 554.2336, 0.2208681, 86400, 10, 0, 0, 0, 1, 0, 0, 0, 22566), -- 100839 (Area: 7811 - Difficulty: 2) (Auras: )
(@CGUID+120, 100839, 1492, 7812, 7811, 8388870, 0, 0, 0, 0, 2929.135, 677.4906, 553.3992, 5.078956, 86400, 10, 0, 0, 0, 1, 0, 0, 0, 22566), -- 100839 (Area: 7811 - Difficulty: 2) (Auras: )
(@CGUID+121, 100839, 1492, 7812, 7811, 8388870, 0, 0, 0, 0, 2929.155, 683.5215, 553.6337, 5.078956, 86400, 10, 0, 0, 0, 1, 0, 0, 0, 22566), -- 100839 (Area: 7811 - Difficulty: 2) (Auras: )
(@CGUID+122, 100839, 1492, 7812, 7811, 8388870, 0, 0, 0, 0, 2929.346, 700.9899, 554.2336, 0.1281006, 86400, 10, 0, 0, 0, 1, 0, 0, 0, 22566), -- 100839 (Area: 7811 - Difficulty: 2) (Auras: )
(@CGUID+123, 100839, 1492, 7812, 7811, 8388870, 0, 0, 0, 0, 2930.032, 680.6169, 554.0228, 5.0439, 86400, 10, 0, 0, 0, 1, 0, 0, 0, 22566), -- 100839 (Area: 7811 - Difficulty: 2) (Auras: )
(@CGUID+124, 100839, 1492, 7812, 7811, 8388870, 0, 0, 0, 0, 2930.99, 704.027, 554.2007, 2.787697, 86400, 10, 0, 0, 0, 1, 0, 0, 0, 22566), -- 100839 (Area: 7811 - Difficulty: 2) (Auras: )
(@CGUID+125, 100839, 1492, 7812, 7811, 8388870, 0, 0, 0, 0, 2931.276, 675.0992, 552.2462, 5.0439, 86400, 10, 0, 0, 0, 1, 0, 0, 0, 22566), -- 100839 (Area: 7811 - Difficulty: 2) (Auras: )
(@CGUID+126, 100839, 1492, 7812, 7811, 8388870, 0, 0, 0, 0, 2931.33, 712.2936, 553.8613, 5.426103, 86400, 10, 0, 0, 0, 1, 0, 0, 0, 22566), -- 100839 (Area: 7811 - Difficulty: 2) (Auras: )
(@CGUID+127, 100839, 1492, 7812, 7811, 8388870, 0, 0, 0, 0, 2931.59, 694.2416, 554.0336, 4.16955, 86400, 10, 0, 0, 0, 1, 0, 0, 0, 22566), -- 100839 (Area: 7811 - Difficulty: 2) (Auras: )
(@CGUID+128, 100839, 1492, 7812, 7811, 8388870, 0, 0, 0, 0, 2931.631, 666.7933, 549.1862, 4.603104, 86400, 10, 0, 0, 0, 1, 0, 0, 0, 22566), -- 100839 (Area: 7811 - Difficulty: 2) (Auras: )
(@CGUID+129, 100839, 1492, 7812, 7811, 8388870, 0, 0, 0, 0, 2931.743, 704.0532, 553.6801, 4.817724, 86400, 10, 0, 0, 0, 1, 0, 0, 0, 22566), -- 100839 (Area: 7811 - Difficulty: 2) (Auras: )
(@CGUID+130, 100839, 1492, 7812, 7811, 8388870, 0, 0, 0, 0, 2931.875, 673.3936, 551.6038, 5.078956, 86400, 10, 0, 0, 0, 1, 0, 0, 0, 22566), -- 100839 (Area: 7811 - Difficulty: 2) (Auras: )
(@CGUID+131, 100839, 1492, 7812, 7811, 8388870, 0, 0, 0, 0, 2931.883, 671.6876, 550.9149, 4.603104, 86400, 10, 0, 0, 0, 1, 0, 0, 0, 22566), -- 100839 (Area: 7811 - Difficulty: 2) (Auras: )
(@CGUID+132, 100839, 1492, 7812, 7811, 8388870, 0, 0, 0, 0, 2932.169, 690.5582, 553.7051, 0.6750459, 86400, 10, 0, 0, 0, 1, 0, 0, 0, 22566), -- 100839 (Area: 7811 - Difficulty: 2) (Auras: )
(@CGUID+133, 100839, 1492, 7812, 7811, 8388870, 0, 0, 0, 0, 2932.261, 690.6411, 553.6337, 4.817724, 86400, 10, 0, 0, 0, 1, 0, 0, 0, 22566), -- 100839 (Area: 7811 - Difficulty: 2) (Auras: )
(@CGUID+134, 100839, 1492, 7812, 7811, 8388870, 0, 0, 0, 0, 2932.281, 699.439, 553.6342, 4.817724, 86400, 10, 0, 0, 0, 1, 0, 0, 0, 22566), -- 100839 (Area: 7811 - Difficulty: 2) (Auras: )
(@CGUID+135, 100839, 1492, 7812, 7811, 8388870, 0, 0, 0, 0, 2932.362, 694.1473, 553.6337, 4.817724, 86400, 10, 0, 0, 0, 1, 0, 0, 0, 22566), -- 100839 (Area: 7811 - Difficulty: 2) (Auras: )
(@CGUID+136, 100839, 1492, 7812, 7811, 8388870, 0, 0, 0, 0, 2932.543, 687.4147, 553.6337, 4.603104, 86400, 10, 0, 0, 0, 1, 0, 0, 0, 22566), -- 100839 (Area: 7811 - Difficulty: 2) (Auras: )
(@CGUID+137, 100839, 1492, 7812, 7811, 8388870, 0, 0, 0, 0, 2932.636, 698.7844, 553.7829, 0.2208681, 86400, 10, 0, 0, 0, 1, 0, 0, 0, 22566), -- 100839 (Area: 7811 - Difficulty: 2) (Auras: )
(@CGUID+138, 100839, 1492, 7812, 7811, 8388870, 0, 0, 0, 0, 2932.81, 676.5839, 553.1547, 4.603104, 86400, 10, 0, 0, 0, 1, 0, 0, 0, 22566), -- 100839 (Area: 7811 - Difficulty: 2) (Auras: )
(@CGUID+139, 100839, 1492, 7812, 7811, 8388870, 0, 0, 0, 0, 2932.823, 684.498, 553.6337, 4.817724, 86400, 10, 0, 0, 0, 1, 0, 0, 0, 22566), -- 100839 (Area: 7811 - Difficulty: 2) (Auras: )
(@CGUID+140, 100839, 1492, 7812, 7811, 8388870, 0, 0, 0, 0, 2933.25, 698.3823, 553.6464, 4.16955, 86400, 10, 0, 0, 0, 1, 0, 0, 0, 22566), -- 100839 (Area: 7811 - Difficulty: 2) (Auras: )
(@CGUID+141, 100839, 1492, 7812, 7811, 8388870, 0, 0, 0, 0, 2933.395, 701.7288, 554.2336, 0.1281006, 86400, 10, 0, 0, 0, 1, 0, 0, 0, 22566), -- 100839 (Area: 7811 - Difficulty: 2) (Auras: )
(@CGUID+142, 100839, 1492, 7812, 7811, 8388870, 0, 0, 0, 0, 2933.431, 706.994, 554.2336, 5.426103, 86400, 10, 0, 0, 0, 1, 0, 0, 0, 22566), -- 100839 (Area: 7811 - Difficulty: 2) (Auras: )
(@CGUID+143, 100839, 1492, 7812, 7811, 8388870, 0, 0, 0, 0, 2933.696, 671.9174, 550.9703, 5.0439, 86400, 10, 0, 0, 0, 1, 0, 0, 0, 22566), -- 100839 (Area: 7811 - Difficulty: 2) (Auras: )
(@CGUID+144, 100839, 1492, 7812, 7811, 8388870, 0, 0, 0, 0, 2933.758, 681.8581, 553.8037, 4.603104, 86400, 10, 0, 0, 0, 1, 0, 0, 0, 22566), -- 100839 (Area: 7811 - Difficulty: 2) (Auras: )
(@CGUID+145, 100839, 1492, 7812, 7811, 8388870, 0, 0, 0, 0, 2933.772, 668.1007, 549.6421, 5.078956, 86400, 10, 0, 0, 0, 1, 0, 0, 0, 22566), -- 100839 (Area: 7811 - Difficulty: 2) (Auras: )
(@CGUID+146, 100839, 1492, 7812, 7811, 8388870, 0, 0, 0, 0, 2934.05, 679.8799, 554.0336, 4.817724, 86400, 10, 0, 0, 0, 1, 0, 0, 0, 22566), -- 100839 (Area: 7811 - Difficulty: 2) (Auras: )
(@CGUID+147, 100839, 1492, 7812, 7811, 8388870, 0, 0, 0, 0, 2934.198, 666.597, 549.107, 5.0439, 86400, 10, 0, 0, 0, 1, 0, 0, 0, 22566), -- 100839 (Area: 7811 - Difficulty: 2) (Auras: )
(@CGUID+148, 100839, 1492, 7812, 7811, 8388870, 0, 0, 0, 0, 2934.229, 668.7748, 549.7952, 4.817724, 86400, 10, 0, 0, 0, 1, 0, 0, 0, 22566), -- 100839 (Area: 7811 - Difficulty: 2) (Auras: )
(@CGUID+149, 100839, 1492, 7812, 7811, 8388870, 0, 0, 0, 0, 2934.449, 691.7234, 553.6337, 4.603104, 86400, 10, 0, 0, 0, 1, 0, 0, 0, 22566), -- 100839 (Area: 7811 - Difficulty: 2) (Auras: )
(@CGUID+150, 100839, 1492, 7812, 7811, 8388870, 0, 0, 0, 0, 2935.435, 702.883, 553.6718, 4.603104, 86400, 10, 0, 0, 0, 1, 0, 0, 0, 22566), -- 100839 (Area: 7811 - Difficulty: 2) (Auras: )
(@CGUID+151, 100839, 1492, 7812, 7811, 8388870, 0, 0, 0, 0, 2935.435, 703.1185, 553.9935, 2.787697, 86400, 10, 0, 0, 0, 1, 0, 0, 0, 22566), -- 100839 (Area: 7811 - Difficulty: 2) (Auras: )
(@CGUID+152, 100839, 1492, 7812, 7811, 8388870, 0, 0, 0, 0, 2935.554, 664.11, 548.2857, 5.078956, 86400, 10, 0, 0, 0, 1, 0, 0, 0, 22566), -- 100839 (Area: 7811 - Difficulty: 2) (Auras: )
(@CGUID+153, 100839, 1492, 7812, 7811, 8388870, 0, 0, 0, 0, 2935.562, 663.2954, 548.2337, 4.817724, 86400, 10, 0, 0, 0, 1, 0, 0, 0, 22566), -- 100839 (Area: 7811 - Difficulty: 2) (Auras: )
(@CGUID+154, 100839, 1492, 7812, 7811, 8388870, 0, 0, 0, 0, 2935.735, 702.9563, 553.6919, 4.16955, 86400, 10, 0, 0, 0, 1, 0, 0, 0, 22566), -- 100839 (Area: 7811 - Difficulty: 2) (Auras: )
(@CGUID+155, 100839, 1492, 7812, 7811, 8388870, 0, 0, 0, 0, 2935.84, 661.858, 548.2337, 5.0439, 86400, 10, 0, 0, 0, 1, 0, 0, 0, 22566), -- 100839 (Area: 7811 - Difficulty: 2) (Auras: )
(@CGUID+156, 100839, 1492, 7812, 7811, 8388870, 0, 0, 0, 0, 2935.851, 674.2534, 551.8384, 4.817724, 86400, 10, 0, 0, 0, 1, 0, 0, 0, 22566), -- 100839 (Area: 7811 - Difficulty: 2) (Auras: )
(@CGUID+157, 100839, 1492, 7812, 7811, 8388870, 0, 0, 0, 0, 2935.956, 695.9092, 553.6337, 4.603104, 86400, 10, 0, 0, 0, 1, 0, 0, 0, 22566), -- 100839 (Area: 7811 - Difficulty: 2) (Auras: )
(@CGUID+158, 100839, 1492, 7812, 7811, 8388870, 0, 0, 0, 0, 2936.049, 706.5643, 554.2336, 4.603104, 86400, 10, 0, 0, 0, 1, 0, 0, 0, 22566), -- 100839 (Area: 7811 - Difficulty: 2) (Auras: )
(@CGUID+159, 100839, 1492, 7812, 7811, 8388870, 0, 0, 0, 0, 2936.168, 660.5608, 548.6855, 4.817724, 86400, 10, 0, 0, 0, 1, 0, 0, 0, 22566), -- 100839 (Area: 7811 - Difficulty: 2) (Auras: )
(@CGUID+160, 100839, 1492, 7812, 7811, 8388870, 0, 0, 0, 0, 2936.325, 692.3473, 554.0336, 0.6750459, 86400, 10, 0, 0, 0, 1, 0, 0, 0, 22566), -- 100839 (Area: 7811 - Difficulty: 2) (Auras: )
(@CGUID+161, 100839, 1492, 7812, 7811, 8388870, 0, 0, 0, 0, 2936.374, 711.5974, 553.9588, 4.603104, 86400, 10, 0, 0, 0, 1, 0, 0, 0, 22566), -- 100839 (Area: 7811 - Difficulty: 2) (Auras: )
(@CGUID+162, 100839, 1492, 7812, 7811, 8388870, 0, 0, 0, 0, 2937.256, 701.9396, 554.0336, 0.2208681, 86400, 10, 0, 0, 0, 1, 0, 0, 0, 22566), -- 100839 (Area: 7811 - Difficulty: 2) (Auras: )
(@CGUID+163, 100839, 1492, 7812, 7811, 8388870, 0, 0, 0, 0, 2937.569, 657.527, 547.0175, 5.0439, 86400, 10, 0, 0, 0, 1, 0, 0, 0, 22566), -- 100839 (Area: 7811 - Difficulty: 2) (Auras: )
(@CGUID+164, 100839, 1492, 7812, 7811, 8388870, 0, 0, 0, 0, 2938.002, 702.8476, 554.0336, 0.1281006, 86400, 10, 0, 0, 0, 1, 0, 0, 0, 22566), -- 100839 (Area: 7811 - Difficulty: 2) (Auras: )
(@CGUID+165, 100839, 1492, 7812, 7811, 8388870, 0, 0, 0, 0, 2938.338, 704.2841, 554.0336, 5.426103, 86400, 10, 0, 0, 0, 1, 0, 0, 0, 22566), -- 100839 (Area: 7811 - Difficulty: 2) (Auras: )
(@CGUID+166, 100839, 1492, 7812, 7811, 8388870, 0, 0, 0, 0, 2939.63, 653.0348, 536.553, 5.0439, 86400, 10, 0, 0, 0, 1, 0, 0, 0, 22566), -- 100839 (Area: 7811 - Difficulty: 2) (Auras: )
(@CGUID+167, 100839, 1492, 7812, 7811, 8388870, 0, 0, 0, 0, 2939.99, 701.4417, 553.9177, 2.787697, 86400, 10, 0, 0, 0, 1, 0, 0, 0, 22566), -- 100839 (Area: 7811 - Difficulty: 2) (Auras: )
(@CGUID+168, 100839, 1492, 7812, 7811, 8388870, 0, 0, 0, 0, 2940.402, 700.7376, 553.6337, 5.426103, 86400, 10, 0, 0, 0, 1, 0, 0, 0, 22566), -- 100839 (Area: 7811 - Difficulty: 2) (Auras: )
(@CGUID+169, 100839, 1492, 7812, 7811, 8388870, 0, 0, 0, 0, 2940.576, 695.4895, 553.6337, 0.6750459, 86400, 10, 0, 0, 0, 1, 0, 0, 0, 22566), -- 100839 (Area: 7811 - Difficulty: 2) (Auras: )
(@CGUID+170, 100839, 1492, 7812, 7811, 8388870, 0, 0, 0, 0, 2941.338, 701.4709, 553.6776, 0.2208681, 86400, 10, 0, 0, 0, 1, 0, 0, 0, 22566), -- 100839 (Area: 7811 - Difficulty: 2) (Auras: )
(@CGUID+171, 100839, 1492, 7812, 7811, 8388870, 0, 0, 0, 0, 2941.619, 648.4625, 536.5984, 5.0439, 86400, 10, 0, 0, 0, 1, 0, 0, 0, 22566), -- 100839 (Area: 7811 - Difficulty: 2) (Auras: )
(@CGUID+172, 100839, 1492, 7812, 7811, 8388870, 0, 0, 0, 0, 2942.99, 703.3802, 553.6323, 0.1281006, 86400, 10, 0, 0, 0, 1, 0, 0, 0, 22566), -- 100839 (Area: 7811 - Difficulty: 2) (Auras: )
(@CGUID+173, 100839, 1492, 7812, 7811, 8388870, 0, 0, 0, 0, 2943.55, 699.9566, 554.0337, 0.6750459, 86400, 10, 0, 0, 0, 1, 0, 0, 0, 22566), -- 100839 (Area: 7811 - Difficulty: 2) (Auras: )
(@CGUID+174, 100839, 1492, 7812, 7811, 8388870, 0, 0, 0, 0, 2945.428, 696.2347, 553.6338, 5.426103, 86400, 10, 0, 0, 0, 1, 0, 0, 0, 22566), -- 100839 (Area: 7811 - Difficulty: 2) (Auras: )
(@CGUID+175, 100839, 1492, 7812, 7811, 8388870, 0, 0, 0, 0, 2947.509, 692.0867, 554.0336, 5.426103, 86400, 10, 0, 0, 0, 1, 0, 0, 0, 22566), -- 100839 (Area: 7811 - Difficulty: 2) (Auras: )
(@CGUID+176, 100839, 1492, 7812, 7811, 8388870, 0, 0, 0, 0, 2947.583, 703.0959, 553.9655, 0.1281006, 86400, 10, 0, 0, 0, 1, 0, 0, 0, 22566), -- 100839 (Area: 7811 - Difficulty: 2) (Auras: )
(@CGUID+177, 100839, 1492, 7812, 7811, 8388870, 0, 0, 0, 0, 2948.247, 703.2497, 554.0336, 0.2208681, 86400, 10, 0, 0, 0, 1, 0, 0, 0, 22566), -- 100839 (Area: 7811 - Difficulty: 2) (Auras: )
(@CGUID+178, 100839, 1492, 7812, 7811, 8388870, 0, 0, 0, 0, 2948.898, 703.0606, 552.5798, 0.6750459, 86400, 10, 0, 0, 0, 1, 0, 0, 0, 22566), -- 100839 (Area: 7811 - Difficulty: 2) (Auras: )
(@CGUID+179, 100839, 1492, 7812, 7811, 8388870, 0, 0, 0, 0, 2951.788, 704.2723, 552.0986, 0.6750459, 86400, 10, 0, 0, 0, 1, 0, 0, 0, 22566), -- 100839 (Area: 7811 - Difficulty: 2) (Auras: )
(@CGUID+180, 100839, 1492, 7812, 7811, 8388870, 0, 0, 0, 0, 2951.828, 689.3666, 553.6202, 5.426103, 86400, 10, 0, 0, 0, 1, 0, 0, 0, 22566), -- 100839 (Area: 7811 - Difficulty: 2) (Auras: )
(@CGUID+181, 100839, 1492, 7812, 7811, 8388870, 0, 0, 0, 0, 2952.275, 704.2535, 553.8187, 0.1281006, 86400, 10, 0, 0, 0, 1, 0, 0, 0, 22566), -- 100839 (Area: 7811 - Difficulty: 2) (Auras: )
(@CGUID+182, 100839, 1492, 7812, 7811, 8388870, 0, 0, 0, 0, 2952.593, 684.3256, 554.5635, 5.426103, 86400, 10, 0, 0, 0, 1, 0, 0, 0, 22566), -- 100839 (Area: 7811 - Difficulty: 2) (Auras: )
(@CGUID+183, 100839, 1492, 7812, 7811, 8388870, 0, 0, 0, 0, 2952.963, 702.9926, 553.9069, 0.2208681, 86400, 10, 0, 0, 0, 1, 0, 0, 0, 22566), -- 100839 (Area: 7811 - Difficulty: 2) (Auras: )
(@CGUID+184, 100839, 1492, 7812, 7811, 8388870, 0, 0, 0, 0, 2956.105, 708.4829, 550.9637, 0.6750459, 86400, 10, 0, 0, 0, 1, 0, 0, 0, 22566), -- 100839 (Area: 7811 - Difficulty: 2) (Auras: )
(@CGUID+185, 100839, 1492, 7812, 7811, 8388870, 0, 0, 0, 0, 2961.95, 705.1678, 501.6338, 0.2208681, 86400, 10, 0, 0, 0, 1, 0, 0, 0, 22566), -- 100839 (Area: 7811 - Difficulty: 2) (Auras: )
(@CGUID+186, 101502, 1492, 7812, 7811, 8388870, 0, 0, 0, 0, 2838.495, 1233.932, 457.564, 5.052534, 86400, 0, 0, 0, 0, 0, 0, 0, 0, 22566), -- 101502 (Area: 7811 - Difficulty: 2)
(@CGUID+187, 101502, 1492, 7812, 7811, 8388870, 0, 0, 0, 0, 3023.577, 1233.932, 459.822, 4.002816, 86400, 0, 0, 0, 0, 0, 0, 0, 0, 22566), -- 101502 (Area: 7811 - Difficulty: 2)
(@CGUID+188, 101504, 1492, 7812, 7811, 8388870, 0, 0, 0, 0, 2895.88, 926.6337, 515.0833, 5.113815, 86400, 0, 0, 0, 0, 0, 0, 0, 0, 22566), -- 101504 (Area: 7811 - Difficulty: 2) (Auras: 198180 - 198180)
(@CGUID+189, 101814, 1492, 7812, 7811, 8388870, 0, 0, 0, 0, 2974.353, 926.6337, 515.0833, 4.310963, 86400, 0, 0, 0, 0, 0, 0, 0, 0, 22566), -- 101814 (Area: 7811 - Difficulty: 2) (Auras: 196450 - 196450)
(@CGUID+190, 102108, 1492, 7812, 7812, 8388870, 0, 0, 0, 0, 7266.526, 7283.823, 27.31654, 1.75255, 86400, 0, 0, 0, 0, 0, 0, 0, 0, 22566), -- 102108 (Area: 7812 - Difficulty: 2) (Auras: )
(@CGUID+191, 102306, 1492, 7812, 7811, 8388870, 0, 0, 0, 0, 2933.282, 960.3768, 512.4185, 0, 86400, 0, 0, 0, 0, 0, 0, 0, 0, 22566), -- 102306 (Area: 7811 - Difficulty: 2) (Auras: 197753 - 197753)
(@CGUID+192, 102306, 1492, 7812, 7811, 8388870, 0, 0, 0, 0, 2933.282, 960.3768, 512.4185, 0, 86400, 0, 0, 0, 0, 0, 0, 0, 0, 22566), -- 102306 (Area: 7811 - Difficulty: 2) (Auras: 197753 - 197753)
(@CGUID+193, 102306, 1492, 7812, 7811, 8388870, 0, 0, 0, 0, 2933.36, 920.9809, 512.4183, 0, 86400, 0, 0, 0, 0, 0, 0, 0, 0, 22566), -- 102306 (Area: 7811 - Difficulty: 2) (Auras: 197753 - 197753)
(@CGUID+194, 102306, 1492, 7812, 7811, 8388870, 0, 0, 0, 0, 2933.36, 920.9809, 512.4183, 0, 86400, 0, 0, 0, 0, 0, 0, 0, 0, 22566), -- 102306 (Area: 7811 - Difficulty: 2) (Auras: 197753 - 197753)
(@CGUID+195, 102306, 1492, 7812, 7811, 8388870, 0, 0, 0, 0, 2933.36, 920.9809, 512.4183, 0, 86400, 0, 0, 0, 0, 0, 0, 0, 0, 22566), -- 102306 (Area: 7811 - Difficulty: 2) (Auras: 197753 - 197753)
(@CGUID+196, 102306, 1492, 7812, 7811, 8388870, 0, 0, 0, 0, 2933.4, 941.155, 512.4183, 0, 86400, 0, 0, 0, 0, 0, 0, 0, 0, 22566), -- 102306 (Area: 7811 - Difficulty: 2) (Auras: 197753 - 197753)
(@CGUID+197, 102306, 1492, 7812, 7811, 8388870, 0, 0, 0, 0, 2933.4, 941.155, 512.4183, 0, 86400, 0, 0, 0, 0, 0, 0, 0, 0, 22566), -- 102306 (Area: 7811 - Difficulty: 2) (Auras: 197753 - 197753)
(@CGUID+198, 102306, 1492, 7812, 7811, 8388870, 0, 0, 0, 0, 2939.53, 928.469, 512.4183, 0, 86400, 0, 0, 0, 0, 0, 0, 0, 0, 22566), -- 102306 (Area: 7811 - Difficulty: 2) (Auras: 197753 - 197753)
(@CGUID+199, 102306, 1492, 7812, 7811, 8388870, 0, 0, 0, 0, 2939.53, 928.469, 512.4183, 0, 86400, 0, 0, 0, 0, 0, 0, 0, 0, 22566), -- 102306 (Area: 7811 - Difficulty: 2) (Auras: 197753 - 197753)
(@CGUID+200, 102327, 1492, 7812, 7811, 8388870, 0, 0, 0, 0, 2955.397, 710.8021, 48.68858, 1.570796, 86400, 0, 0, 0, 0, 0, 0, 0, 0, 22566), -- 102327 (Area: 7811 - Difficulty: 2) (Auras: )
(@CGUID+201, 102896, 1492, 7812, 7812, 8388870, 0, 0, 0, 0, 7272.857, 7288.393, 33.83196, 2.237862, 86400, 0, 0, 0, 0, 0, 0, 0, 0, 22566), -- 102896 (Area: 7812 - Difficulty: 2)
(@CGUID+202, 102896, 1492, 7812, 7812, 8388870, 0, 0, 0, 0, 7348.624, 7315.28, 43.86743, 5.018372, 86400, 0, 0, 0, 0, 0, 0, 0, 0, 22566), -- 102896 (Area: 7812 - Difficulty: 2)
(@CGUID+203, 103115, 1492, 7812, 7811, 8388870, 5204, 0, 0, 0, 2922.235, 870.1996, 515.2433, 6.280761, 86400, 0, 0, 0, 0, 0, 0, 0, 0, 22566), -- 103115 (Area: 7811 - Difficulty: 2) (Auras: 204001 - 204001)
(@CGUID+204, 104906, 1492, 7812, 7811, 8388870, 0, 0, 0, 0, 2944.066, 720.743, 555.2134, 3.97919, 86400, 0, 0, 0, 0, 0, 0, 0, 0, 22566), -- 104906 (Area: 7811 - Difficulty: 2) (Auras: 207772 - 207772)
(@CGUID+205, 111374, 1492, 7812, 7811, 8388870, 0, 0, 0, 0, 2933.691, 944.6597, 512.347, 0, 86400, 0, 0, 0, 0, 0, 0, 0, 0, 22566); -- 111374 (Area: 7811 - Difficulty: 2) (Auras: 194414 - 194414)
DELETE FROM `creature_addon` WHERE `guid` BETWEEN @CGUID+0 AND @CGUID+204;
INSERT INTO `waypoint_data` (`id`, `point`, `position_x`, `position_y`, `position_z`) VALUES
((@CGUID+21) * 10, 0, 2921.889, 689.2881, 554.0076),
((@CGUID+21) * 10, 1, 2920.389, 682.2881, 554.0076),
((@CGUID+21) * 10, 2, 2920.139, 681.0381, 554.0076),
((@CGUID+21) * 10, 3, 2919.889, 679.7881, 554.0076),
((@CGUID+21) * 10, 4, 2919.139, 675.2881, 554.0076),
((@CGUID+21) * 10, 5, 2918.139, 670.2881, 554.0076),
((@CGUID+21) * 10, 6, 2917.889, 669.2881, 554.0076),
((@CGUID+21) * 10, 7, 2917.639, 667.5381, 554.2576),
((@CGUID+21) * 10, 8, 2933.693, 693.9889, 553.7227),
((@CGUID+21) * 10, 9, 2937.943, 697.2389, 553.7227),
((@CGUID+21) * 10, 10, 2938.443, 697.7389, 554.2227),
((@CGUID+21) * 10, 11, 2939.443, 698.4889, 554.2227),
((@CGUID+21) * 10, 12, 2942.943, 701.2389, 554.2227),
((@CGUID+21) * 10, 13, 2937.133, 697.0076, 553.847),
((@CGUID+21) * 10, 14, 2938.883, 699.2576, 554.347),
((@CGUID+21) * 10, 15, 2939.883, 700.7576, 554.347),
((@CGUID+21) * 10, 16, 2941.633, 702.5076, 554.347),
((@CGUID+21) * 10, 17, 2940.252, 701.3544, 554.4099),
((@CGUID+21) * 10, 18, 2940.752, 702.1044, 554.4099),
((@CGUID+21) * 10, 19, 2942.502, 705.1044, 554.1599),
((@CGUID+22) * 10, 0, 2924.251, 688.6102, 553.9221),
((@CGUID+22) * 10, 1, 2927.501, 687.1102, 554.1721),
((@CGUID+22) * 10, 2, 2930.751, 685.6102, 553.9221),
((@CGUID+22) * 10, 3, 2933.501, 684.3602, 553.9221),
((@CGUID+22) * 10, 4, 2939.001, 681.8602, 553.9221),
((@CGUID+22) * 10, 5, 2940.001, 681.6102, 554.1721),
((@CGUID+22) * 10, 6, 2941.751, 680.6102, 553.9221),
((@CGUID+22) * 10, 7, 2943.001, 680.1102, 554.1721),
((@CGUID+22) * 10, 8, 2944.001, 679.6102, 554.1721),
((@CGUID+22) * 10, 9, 2945.251, 679.1102, 554.1721),
((@CGUID+22) * 10, 10, 2949.251, 677.3602, 554.1721),
((@CGUID+22) * 10, 11, 2951.501, 676.1102, 553.9221),
((@CGUID+22) * 10, 12, 2954.751, 674.8602, 553.9221),
((@CGUID+22) * 10, 13, 2933.465, 690.3032, 553.814),
((@CGUID+22) * 10, 14, 2936.465, 689.3032, 553.814),
((@CGUID+22) * 10, 15, 2938.215, 688.5532, 553.814),
((@CGUID+22) * 10, 16, 2939.465, 688.3032, 553.814),
((@CGUID+22) * 10, 17, 2941.465, 687.5532, 554.064),
((@CGUID+22) * 10, 18, 2942.465, 687.3032, 553.564),
((@CGUID+22) * 10, 19, 2950.215, 684.3032, 553.814),
((@CGUID+22) * 10, 20, 2951.465, 683.8032, 554.064),
((@CGUID+22) * 10, 21, 2952.965, 683.3032, 554.064),
((@CGUID+28) * 10, 0, 2940.126, 874.1907, 537.5278),
((@CGUID+28) * 10, 1, 2922.869, 856.4426, 538.6094),
((@CGUID+28) * 10, 2, 2924.369, 858.1926, 537.8594),
((@CGUID+28) * 10, 3, 2925.619, 859.9426, 537.6094),
((@CGUID+28) * 10, 4, 2926.619, 861.1926, 537.8594),
((@CGUID+28) * 10, 5, 2927.369, 862.1926, 537.6094),
((@CGUID+28) * 10, 6, 2931.119, 867.1926, 537.6094),
((@CGUID+28) * 10, 7, 2924.339, 858.5154, 537.9147),
((@CGUID+28) * 10, 8, 2925.339, 860.0154, 537.6647),
((@CGUID+28) * 10, 9, 2926.589, 861.7654, 537.9147),
((@CGUID+28) * 10, 10, 2927.339, 863.0154, 537.6647),
((@CGUID+28) * 10, 11, 2930.089, 867.5154, 537.6647),
((@CGUID+28) * 10, 12, 2930.839, 868.5154, 537.6647),
((@CGUID+28) * 10, 13, 2933.339, 872.5154, 537.6647),
((@CGUID+28) * 10, 14, 2926.72, 861.6201, 537.8749),
((@CGUID+28) * 10, 15, 2927.47, 862.8701, 537.3749),
((@CGUID+28) * 10, 16, 2930.72, 867.3701, 537.3749),
((@CGUID+28) * 10, 17, 2931.72, 868.6201, 537.3749),
((@CGUID+28) * 10, 18, 2933.07, 866.277, 537.4148);
INSERT INTO `creature_addon` (`guid`, `path_id`, `mount`, `bytes1`, `bytes2`, `emote`, `aiAnimKit`, `movementAnimKit`, `meleeAnimKit`, `auras`) VALUES
(@CGUID+21, (@CGUID+21) * 10, 0, 0, 1, 0, 0, 0, 0, ''), -- 98761
(@CGUID+22, (@CGUID+22) * 10, 0, 0, 1, 0, 0, 0, 0, ''), -- 98761
(@CGUID+28, (@CGUID+28) * 10, 0, 0, 1, 0, 0, 0, 0, '195517'); -- 99307 - 195517 - 195517
DELETE FROM `creature_template_addon` WHERE `entry` IN (111374 /*111374 - 194414*/, 104906 /*104906 - 207772*/, 103115 /*103115 - 204001*/, 102896 /*102896*/, 102327 /*102327*/, 102306 /*102306 - 197753*/, 102108 /*102108*/, 101814 /*101814 - 196450*/, 101504 /*101504 - 198180*/, 101502 /*101502*/, 100839 /*100839*/, 100733 /*100733 - 198270*/, 100361 /*100361*/, 100359 /*100359*/, 100188 /*100188 - 194414*/, 99803 /*99803 - 194414*/, 99800 /*99800*/, 99307 /*99307 - 195517*/, 98761 /*98761*/, 97163 /*97163 - 191835*/, 97099 /*97099 - 195167*/, 97097 /*97097 - 42459*/, 97043 /*97043*/, 96759 /*96759 - 194603*/);
INSERT INTO `creature_template_addon` (`entry`, `path_id`, `mount`, `bytes1`, `bytes2`, `emote`, `aiAnimKit`, `movementAnimKit`, `meleeAnimKit`, `auras`) VALUES
(111374, 0, 0, 0, 1, 0, 0, 0, 0, '194414'), -- 111374 - 194414
(104906, 0, 0, 50331648, 1, 0, 0, 0, 0, '207772'), -- 104906 - 207772
(103115, 0, 0, 50331648, 1, 0, 0, 0, 0, '204001'), -- 103115 - 204001
(102896, 0, 0, 0, 1, 0, 0, 0, 0, ''), -- 102896
(102327, 0, 0, 50331648, 1, 0, 0, 0, 0, ''), -- 102327
(102306, 0, 0, 50331648, 1, 0, 0, 0, 0, '197753'), -- 102306 - 197753
(102108, 0, 0, 50331648, 1, 0, 0, 0, 0, ''), -- 102108
(101814, 0, 0, 50331648, 1, 0, 0, 0, 0, '196450'), -- 101814 - 196450
(101504, 0, 0, 50331648, 1, 0, 0, 0, 0, '198180'), -- 101504 - 198180
(101502, 0, 0, 50331648, 1, 0, 0, 0, 0, ''), -- 101502
(100839, 0, 0, 50331648, 1, 0, 0, 0, 0, ''), -- 100839
(100733, 0, 0, 0, 1, 0, 0, 0, 0, '198270'), -- 100733 - 198270
(100361, 0, 0, 0, 1, 0, 0, 0, 0, ''), -- 100361
(100359, 0, 0, 0, 1, 0, 0, 0, 0, ''), -- 100359
(100188, 0, 0, 0, 1, 0, 0, 0, 0, '194414'), -- 100188 - 194414
(99803, 0, 0, 0, 1, 0, 0, 0, 0, '194414'), -- 99803 - 194414
(99800, 0, 0, 0, 1, 0, 0, 0, 0, ''), -- 99800
(99307, 0, 0, 0, 1, 0, 0, 0, 0, '195517'), -- 99307 - 195517
(98761, 0, 0, 0, 1, 0, 0, 0, 0, ''), -- 98761
(97163, 0, 0, 50331648, 1, 0, 0, 0, 0, '191835'), -- 97163 - 191835
(97099, 0, 0, 50331648, 1, 0, 0, 0, 0, '195167'), -- 97099 - 195167
(97097, 0, 0, 0, 1, 0, 0, 0, 0, '42459'), -- 97097 - 42459
(97043, 0, 0, 0, 1, 0, 0, 0, 0, ''), -- 97043
(96759, 0, 0, 0, 1, 0, 0, 0, 0, '194603'); -- 96759 - 194603


DELETE FROM `gameobject` WHERE `guid` BETWEEN @OGUID+0 AND @OGUID+13;
INSERT INTO `gameobject` (`guid`, `id`, `map`, `zoneId`, `areaId`, `spawnMask`, `PhaseId`, `PhaseGroup`, `position_x`, `position_y`, `position_z`, `orientation`, `rotation0`, `rotation1`, `rotation2`, `rotation3`, `spawntimesecs`, `animprogress`, `state`, `VerifiedBuild`) VALUES
(@OGUID+0, 245063, 1492, 7812, 7812, 8388870, 0, 0, 7273.168, 7287.924, 33.72406, 2.286379, 0, 0, 0.9099607, 0.4146944, 86400, 255, 1, 22566), -- 245063 (Area: 7812 - Difficulty: 2)
(@OGUID+1, 245064, 1492, 7812, 7812, 8388870, 0, 0, 7266.36, 7283.658, 26.68779, 1.003559, 0, 0, 0.4809866, 0.8767279, 86400, 255, 1, 22566), -- 245064 (Area: 7812 - Difficulty: 2)
(@OGUID+2, 245065, 1492, 7812, 7812, 8388870, 0, 0, 7260.633, 7284.174, 25.8094, 0.4974239, 0, 0, 0.2461557, 0.9692303, 86400, 255, 1, 22566), -- 245065 (Area: 7812 - Difficulty: 2)
(@OGUID+3, 246036, 1492, 7812, 7811, 8388870, 0, 0, 2934.025, 935.5243, 512.6249, 4.685884, 0, 0, -0.7164154, 0.697674, 86400, 255, 1, 22566), -- 246036 (Area: 7811 - Difficulty: 2)
(@OGUID+4, 246125, 1492, 7812, 7811, 8388870, 5204, 0, 2904.342, 724.7257, 515.0734, 0.3083335, 0, 0, 0.1535568, 0.9881398, 86400, 255, 1, 22566), -- 246125 (Area: 7811 - Difficulty: 2)
(@OGUID+5, 246835, 1492, 7812, 7811, 8388870, 0, 0, 2933.335, 960.275, 511.9407, 3.141593, 0, 0, -1, 0, 86400, 255, 1, 22566), -- 246835 (Area: 7811 - Difficulty: 2)
(@OGUID+6, 246836, 1492, 7812, 7811, 8388870, 0, 0, 2926.742, 952.1555, 512.0009, 3.141593, 0, 0, -1, 0, 86400, 255, 1, 22566), -- 246836 (Area: 7811 - Difficulty: 2)
(@OGUID+7, 246837, 1492, 7812, 7811, 8388870, 0, 0, 2939.924, 952.1554, 512.0009, 3.141593, 0, 0, -1, 0, 86400, 255, 1, 22566), -- 246837 (Area: 7811 - Difficulty: 2)
(@OGUID+8, 246838, 1492, 7812, 7811, 8388870, 0, 0, 2933.333, 940.8618, 511.86, 3.141593, 0, 0, -1, 0, 86400, 255, 1, 22566), -- 246838 (Area: 7811 - Difficulty: 2)
(@OGUID+9, 246919, 1492, 7812, 7811, 8388870, 5204, 0, 2933.333, 800, 500, 3.141593, 0, 0, -1, 0, 86400, 255, 1, 22566), -- 246919 (Area: 7811 - Difficulty: 2)
(@OGUID+10, 251960, 1492, 7812, 7811, 8388870, 5204, 0, 2906.655, 779.3055, 514.7413, 4.826448, -0.07831383, -0.1981573, -0.6390667, 0.7390497, 86400, 255, 1, 22566), -- 251960 (Area: 7811 - Difficulty: 2)
(@OGUID+11, 251963, 1492, 7812, 7811, 8388870, 5204, 0, 2905.206, 778.7761, 514.7967, 4.501196, 0, 0, -0.7776976, 0.6286386, 86400, 255, 1, 22566), -- 251963 (Area: 7811 - Difficulty: 2)
(@OGUID+12, 251963, 1492, 7812, 7811, 8388870, 5204, 0, 2907.83, 779.2552, 514.847, 5.624163, 0, 0, -0.3235807, 0.9462005, 86400, 255, 1, 22566), -- 251963 (Area: 7811 - Difficulty: 2)
(@OGUID+13, 252145, 1492, 7812, 7812, 8388870, 0, 0, 7162.329, 7317.961, 20.86309, 0.2037807, 0, 0, 0.1017141, 0.9948137, 86400, 255, 1, 22566); -- 252145 (Area: 7812 - Difficulty: 2)
